utmost,15
highly,15
pleasant,15
form,15
tomorrow,15
expressed,15
observed,15
mutual,15
spoken,15
suffering,15
turning,15
delay,15
itself,15
cause,15
six,15
whenever,15
during,15
engage,15
aye,15
finding,15
trust,15
offer,15
exeter,15
match,15
note,15
prevented,15
removed,15
tea,15
twenty,15
alteration,15
work,15
presence,15
folly,15
increased,15
express,15
unwilling,15
several,15
ago,15
duty,15
altogether,15
interesting,15
smart,15
lately,15
violent,15
afford,15
imagine,15
prospect,15
gained,15
fire,15
considerable,15
supported,15
suspicion,15
importance,15
