absurd,2
lefthand,2
laughing,2
blasts,2
afterwards,2
goldfish,2
jar,2
flowers,2
dishes,2
wink,2
longitude,2
pause,2
raised,2
meekly,2
hit,2
scream,2
occurred,2
burn,2
within,2
somersault,2
throwing,2
flower,2
entirely,2
wet,2
ugh,2
constant,2
giddy,2
railway,2
doubtfully,2
showing,2
beating,2
wandered,2
cauldron,2
fountains,2
sneezes,2
extremely,2
uglification,2
struck,2
goose,2
yawned,2
month,2
sang,2
beautifully,2
using,2
pennyworth,2
addressed,2
unrolled,2
neither,2
shelves,2
paris,2
wasting,2
pleasure,2
presently,2
lovely,2
crying,2
wandering,2
denied,2
resting,2
concert,2
choice,2
blew,2
laughed,2
fine,2
forget,2
doors,2
beds,2
shouting,2
conqueror,2
shorter,2
summer,2
mixed,2
painting,2
rude,2
smiled,2
flamingoes,2
wide,2
falling,2
squeaking,2
panting,2
difficult,2
body,2
friends,2
safe,2
fancied,2
earnestly,2
curled,2
giving,2
rush,2
conclusion,2
ring,2
sh,2
pebbles,2
threw,2
curiouser,2
quarrelling,2
throat,2
bear,2
comes,2
merely,2
relief,2
smallest,2
alarm,2
taste,2
claws,2
takes,2
mystery,2
earls,2
woman,2
cupboards,2
secondly,2
mile,2
messages,2
blow,2
already,2
disappeared,2
nowhere,2
tiptoe,2
hint,2
sugar,2
prisoner,2
six,2
purring,2
wants,2
inside,2
triumphantly,2
sending,2
wretched,2
extraordinary,2
keeping,2
fright,2
invitation,2
hate,2
playing,2
stirring,2
atom,2
dipped,2
legged,2
useful,2
edwin,2
stretching,2
patiently,2
learning,2
undertone,2
nibbled,2
raving,2
singers,2
latitude,2
wherever,2
humbly,2
names,2
stamping,2
whose,2
trembled,2
tones,2
sneeze,2
royal,2
catching,2
ashamed,2
missed,2
pinch,2
knows,2
distant,2
sell,2
longed,2
bad,2
animal,2
crimson,2
turtles,2
rapidly,2
unfolded,2
splashing,2
proud,2
bite,2
recovered,2
editions,2
locks,2
ordering,2
examine,2
front,2
usually,2
muttered,2
cup,2
thoroughly,2
northumbria,2
offer,2
singing,2
explanation,2
miserable,2
declare,2
wine,2
sisters,2
dinner,2
interrupting,2
manner,2
learnt,2
label,2
belongs,2
year,2
parchment,2
books,2
weak,2
beasts,2
presents,2
feeble,2
laid,2
break,2
yawning,2
stole,2
ornamented,2
salt,2
drive,2
became,2
wake,2
doubtful,2
executions,2
waistcoat,2
bye,2
appear,2
quickly,2
brightened,2
stretched,2
ending,2
pinched,2
proves,2
feelings,2
proceed,2
apples,2
anger,2
tempered,2
note,2
wise,2
twist,2
riddles,2
cushion,2
removed,2
shutting,2
wildly,2
ill,2
sent,2
flat,2
cares,2
comfits,2
cucumber,2
excellent,2
ugly,2
knot,2
thistle,2
spoon,2
sorrow,2
signed,2
hedge,2
clear,2
coaxing,2
fight,2
dancing,2
rome,2
hasn,2
tut,2
pencil,2
hour,2
broke,2
places,2
scroll,2
directed,2
follow,2
proved,2
uneasily,2
advice,2
forgot,2
sorrowful,2
lie,2
advisable,2
invited,2
bird,2
shower,2
changing,2
bend,2
picking,2
contemptuously,2
courtiers,2
wild,2
position,2
sensation,2
smoking,2
personal,2
meet,2
part,2
morcar,2
luckily,2
wig,2
barrowful,2
roots,2
drunk,2
milk,2
jaws,2
mercia,2
chose,2
experiment,2
custody,2
sun,2
thump,2
ago,2
brown,2
matters,2
ferrets,2
unless,2
heavy,2
quick,2
entangled,2
delightful,2
nicely,2
knowing,2
mostly,2
accident,2
rattling,2
regular,2
teacups,2
wind,2
sooner,2
smiling,2
eel,2
unpleasant,2
trotting,2
easy,2
introduce,2
heart,2
telling,2
closed,2
footsteps,2
concluded,2
rubbing,2
changes,2
deny,2
agree,2
delighted,2
returned,2
dispute,2
older,2
startled,2
carrying,2
collected,2
leaning,2
smile,2
stoop,2
forehead,2
violent,2
kindly,2
unhappy,2
clever,2
taller,2
tumbling,2
dreadful,2
swimming,2
busy,2
plenty,2
lap,2
wash,2
snatch,2
line,2
hurriedly,2
lasted,2
imagine,2
lonely,2
wonderful,2
archbishop,2
caused,2
sulkily,2
persisted,2
row,2
directly,2
quiet,2
authority,2
encouraging,2
plates,2
watched,2
bark,2
branches,2
dinn,2
started,2
also,2
remarkable,2
narrow,2
cool,2
neatly,2
law,2
assembled,2
tells,2
ringlets,2
treading,2
straight,2
thousand,2
thoughts,2
fashion,2
maybe,2
living,2
